{
    "Template": {
        "Path": "E:/Postgraduate/ImageAlign/code/DeepHomography-master/Data/MFIF-V/estimate\\pair13\\V012_t.jpg",
        "ImageSize": [
            640,
            360
        ],
        "Points": [
            [
                100.6490771029369,
                307.6913153464171
            ],
            [
                166.30503477738432,
                216.81246994753997
            ],
            [
                245.01869892066213,
                83.44873559646904
            ],
            [
                327.86024349938134,
                295.0688105729105
            ],
            [
                286.5311858994925,
                274.1183620765786
            ],
            [
                309.70895000672715,
                221.71748223079427
            ]
        ]
    },
    "Sample": {
        "Path": "E:/Postgraduate/ImageAlign/code/DeepHomography-master/Data/MFIF-V/estimate\\pair13\\V014.jpg",
        "ImageSize": [
            640,
            360
        ],
        "Points": [
            [
                98.48998683066893,
                312.06646557763327
            ],
            [
                165.26627370825156,
                217.63232189249166
            ],
            [
                245.99247041616673,
                83.99297189604097
            ],
            [
                326.78091877048973,
                296.67485630493434
            ],
            [
                285.3419707286081,
                276.3320999934652
            ],
            [
                309.8824386599042,
                222.19238346082497
            ]
        ]
    },
    "Sample2Template Matrix": [
        [
            1.0140776972829717,
            0.028619791275210988,
            -5.519536829084279
        ],
        [
            0.006737470183239951,
            1.0161996283195027,
            -2.8576131341405113
        ],
        [
            -3.367457787352507e-06,
            7.296542878790184e-05,
            1.0
        ]
    ]
}