{
    "Template": {
        "Path": "E:/Postgraduate/ImageAlign/code/DeepHomography-master/Data/MFIF-V/estimate\\pair98\\V087_t.jpg",
        "ImageSize": [
            640,
            360
        ],
        "Points": [
            [
                631.018536138929,
                218.8162851225194
            ],
            [
                82.8489941398357,
                223.75818559742387
            ],
            [
                585.8108621203601,
                84.1078753103954
            ],
            [
                193.72696295967472,
                217.50878705241388
            ],
            [
                218.4057055318502,
                96.35522752268939
            ],
            [
                419.02984407422514,
                140.52076567895213
            ]
        ]
    },
    "Sample": {
        "Path": "E:/Postgraduate/ImageAlign/code/DeepHomography-master/Data/MFIF-V/estimate\\pair98\\V090.jpg",
        "ImageSize": [
            640,
            360
        ],
        "Points": [
            [
                631.7159333223276,
                218.541475471096
            ],
            [
                81.46773828133138,
                224.62518927476208
            ],
            [
                587.0614643428678,
                84.01991713231824
            ],
            [
                193.20779555266017,
                218.0730781510867
            ],
            [
                218.57182008729387,
                96.1964782663331
            ],
            [
                419.3887454274851,
                140.37165160993666
            ]
        ]
    },
    "Sample2Template Matrix": [
        [
            0.9927956108385997,
            0.005472445993772802,
            0.7232324433704326
        ],
        [
            0.0002895699755123333,
            0.995749314330279,
            0.22778078807726776
        ],
        [
            -5.955220438174511e-06,
            2.883538191827102e-06,
            1.0
        ]
    ]
}