{
    "Template": {
        "Path": "E:/Postgraduate/ImageAlign/code/DeepHomography-master/Data/MFIF-V/estimate\\pair4\\V029_t.jpg",
        "ImageSize": [
            640,
            360
        ],
        "Points": [
            [
                145.35531646437295,
                222.84852641737044
            ],
            [
                583.1556528975165,
                1.0349124718900953
            ],
            [
                288.50923919614326,
                263.46331725249837
            ],
            [
                138.55865365334176,
                208.2209260197164
            ],
            [
                284.9085343995673,
                211.2744991667014
            ],
            [
                186.16039588321294,
                70.16896123208465
            ]
        ]
    },
    "Sample": {
        "Path": "E:/Postgraduate/ImageAlign/code/DeepHomography-master/Data/MFIF-V/estimate\\pair4\\V032.jpg",
        "ImageSize": [
            640,
            360
        ],
        "Points": [
            [
                141.0427615512774,
                224.61111674796237
            ],
            [
                582.8466206257892,
                1.9163205992714722
            ],
            [
                288.89186494969675,
                264.949138021982
            ],
            [
                130.87279432329365,
                211.96275414509182
            ],
            [
                286.6698553032465,
                214.2702257010209
            ],
            [
                182.57659321053617,
                68.91450427793455
            ]
        ]
    },
    "Sample2Template Matrix": [
        [
            0.9308778756577676,
            -0.012433644680082241,
            14.169802391665382
        ],
        [
            -0.011262311685815029,
            0.9560345429003987,
            5.419257324561337
        ],
        [
            -7.724899823546302e-05,
            -2.211928623401451e-05,
            1.0
        ]
    ]
}