{
    "Template": {
        "Path": "E:/Postgraduate/ImageAlign/code/DeepHomography-master/Data/MFIF-V/estimate\\pair17\\V040_t.jpg",
        "ImageSize": [
            640,
            360
        ],
        "Points": [
            [
                270.0,
                73.0
            ],
            [
                117.0,
                80.0
            ],
            [
                175.0,
                65.0
            ],
            [
                125.83057275783159,
                217.91474023071927
            ],
            [
                422.0,
                57.0
            ],
            [
                294.5874730206321,
                224.04838009757106
            ]
        ]
    },
    "Sample": {
        "Path": "E:/Postgraduate/ImageAlign/code/DeepHomography-master/Data/MFIF-V/estimate\\pair17\\V041.jpg",
        "ImageSize": [
            640,
            360
        ],
        "Points": [
            [
                269.0,
                72.0
            ],
            [
                117.0,
                80.0
            ],
            [
                173.0,
                64.0
            ],
            [
                124.38947842974056,
                216.84630323207102
            ],
            [
                422.0,
                56.0
            ],
            [
                293.1780586766542,
                224.4323068386739
            ]
        ]
    },
    "Sample2Template Matrix": [
        [
            1.034505163804448,
            0.010193019311652857,
            -3.1611163439950967
        ],
        [
            0.006364445419362551,
            1.0216564103642354,
            -1.0885973384485212
        ],
        [
            6.306566445015482e-05,
            3.6253670674916136e-05,
            1.0
        ]
    ]
}