{
    "Template": {
        "Path": "E:/Postgraduate/ImageAlign/code/DeepHomography-master/Data/MFIF-V/estimate\\pair86\\V011_t.jpg",
        "ImageSize": [
            640,
            360
        ],
        "Points": [
            [
                483.67244072978605,
                306.7430619890019
            ],
            [
                290.10923588551697,
                285.79315388833885
            ],
            [
                413.58414420539094,
                145.25235647954733
            ],
            [
                206.4029710983309,
                263.59417063073647
            ],
            [
                346.42358097823353,
                196.74483109182438
            ],
            [
                210.57373220578523,
                67.25778469686963
            ]
        ]
    },
    "Sample": {
        "Path": "E:/Postgraduate/ImageAlign/code/DeepHomography-master/Data/MFIF-V/estimate\\pair86\\V016.jpg",
        "ImageSize": [
            640,
            360
        ],
        "Points": [
            [
                485.41089521799887,
                306.6952406960566
            ],
            [
                289.6302350756022,
                285.8305167021955
            ],
            [
                413.9368821688416,
                144.31965279257798
            ],
            [
                205.35993316706316,
                263.11115057554673
            ],
            [
                346.1727097778994,
                196.49889641327897
            ],
            [
                210.11245363233152,
                66.51908450005544
            ]
        ]
    },
    "Sample2Template Matrix": [
        [
            1.0037436588355102,
            0.006817112602319354,
            0.09659549244852268
        ],
        [
            0.0024001742638432915,
            1.0078441374993892,
            -0.18443060561723265
        ],
        [
            9.998458367236543e-06,
            2.195993579091116e-05,
            1.0
        ]
    ]
}