{
    "Template": {
        "Path": "E:/Postgraduate/ImageAlign/code/DeepHomography-master/Data/MFIF-V/estimate\\pair84\\V009_t.jpg",
        "ImageSize": [
            640,
            360
        ],
        "Points": [
            [
                206.45214616600344,
                263.603069210092
            ],
            [
                294.4313944399412,
                305.52351294990905
            ],
            [
                359.60960298356565,
                27.560977157912504
            ],
            [
                624.5029209201249,
                27.488914637813195
            ],
            [
                609.7005648147529,
                307.6376254622326
            ],
            [
                547.5145104857212,
                306.4842090781532
            ]
        ]
    },
    "Sample": {
        "Path": "E:/Postgraduate/ImageAlign/code/DeepHomography-master/Data/MFIF-V/estimate\\pair84\\V013.jpg",
        "ImageSize": [
            640,
            360
        ],
        "Points": [
            [
                206.43073273619575,
                263.44333142674174
            ],
            [
                294.5582797961393,
                305.7390431735932
            ],
            [
                359.40251973810916,
                26.844518267372763
            ],
            [
                625.3924898116854,
                26.706747219337416
            ],
            [
                611.6153850081507,
                307.5300667980527
            ],
            [
                548.3325502772482,
                306.6115931444837
            ]
        ]
    },
    "Sample2Template Matrix": [
        [
            1.0010454067407315,
            -0.0006941195684307753,
            0.49126227564328395
        ],
        [
            0.0013735245214819174,
            1.000684360529565,
            0.12943347565350735
        ],
        [
            4.966743350045184e-06,
            3.4371570989885462e-06,
            1.0
        ]
    ]
}