{
    "Template": {
        "Path": "E:/Postgraduate/ImageAlign/code/DeepHomography-master/Data/MFIF-V/estimate\\pair107\\Z-146339_t.jpg",
        "ImageSize": [
            640,
            360
        ],
        "Points": [
            [
                143.32042597205208,
                302.3166281731947
            ],
            [
                508.0427834154435,
                28.11929031829564
            ],
            [
                469.7584188776854,
                2.9641548267361486
            ],
            [
                1.783844352357221,
                314.5628222785647
            ],
            [
                523.5821639814429,
                298.54577621417354
            ],
            [
                150.59375150160866,
                2.354538941188679
            ]
        ]
    },
    "Sample": {
        "Path": "E:/Postgraduate/ImageAlign/code/DeepHomography-master/Data/MFIF-V/estimate\\pair107\\Z-146708.jpg",
        "ImageSize": [
            640,
            360
        ],
        "Points": [
            [
                142.76747526240345,
                301.91791510611733
            ],
            [
                506.2083111773689,
                27.267340270247985
            ],
            [
                472.21447520000294,
                2.1769092298678174
            ],
            [
                1.7720884260920116,
                316.62250247058637
            ],
            [
                525.3915493685877,
                296.54533208446577
            ],
            [
                151.0458522140534,
                2.955620193122769
            ]
        ]
    },
    "Sample2Template Matrix": [
        [
            0.9937279909540838,
            -8.321862182656758e-07,
            0.4883105937827983
        ],
        [
            0.006347515626085775,
            0.999577992201563,
            -1.866392437234282
        ],
        [
            -1.3887090689051885e-07,
            -7.191158041983656e-06,
            1.0
        ]
    ]
}