{
    "Template": {
        "Path": "E:/Postgraduate/ImageAlign/code/DeepHomography-master/Data/MFIF-V/estimate\\pair87\\V066_t.jpg",
        "ImageSize": [
            640,
            360
        ],
        "Points": [
            [
                519.6095333671747,
                253.1319670353983
            ],
            [
                392.65436047769896,
                254.3021913338942
            ],
            [
                346.55834501314934,
                196.18399149238786
            ],
            [
                580.4244783524152,
                86.66704425060497
            ],
            [
                417.4465299454204,
                142.19465727869976
            ],
            [
                262.19703884464343,
                95.96517293879884
            ]
        ]
    },
    "Sample": {
        "Path": "E:/Postgraduate/ImageAlign/code/DeepHomography-master/Data/MFIF-V/estimate\\pair87\\V067.jpg",
        "ImageSize": [
            640,
            360
        ],
        "Points": [
            [
                519.6215868383797,
                253.4591160536749
            ],
            [
                392.43424867260785,
                254.51968769389217
            ],
            [
                346.713887145045,
                195.87840741019258
            ],
            [
                580.40931270611,
                86.39986124658157
            ],
            [
                417.3799530707722,
                141.80398163516188
            ],
            [
                262.8879520437206,
                96.05217047390255
            ]
        ]
    },
    "Sample2Template Matrix": [
        [
            1.0178857674929043,
            0.010116447922584499,
            -4.808870836009213
        ],
        [
            0.0023778787316099423,
            1.0121993185417504,
            -1.1526062131769605
        ],
        [
            1.5779750323103548e-05,
            2.1715354331226365e-05,
            1.0
        ]
    ]
}