{
    "Template": {
        "Path": "E:/Postgraduate/ImageAlign/code/DeepHomography-master/Data/MFIF-V/estimate\\pair115\\Z-146163_t.jpg",
        "ImageSize": [
            640,
            360
        ],
        "Points": [
            [
                507.9408398729447,
                26.72785874439461
            ],
            [
                145.88872487527786,
                292.2370203283333
            ],
            [
                150.71748878923765,
                4.551569506726423
            ],
            [
                509.70349739990223,
                273.0952348351372
            ],
            [
                0.9800140182913992,
                314.8079652647796
            ],
            [
                123.84815255979075,
                43.149873878923756
            ]
        ]
    },
    "Sample": {
        "Path": "E:/Postgraduate/ImageAlign/code/DeepHomography-master/Data/MFIF-V/estimate\\pair115\\Z-146243.jpg",
        "ImageSize": [
            640,
            360
        ],
        "Points": [
            [
                506.0955056179775,
                25.89575530586768
            ],
            [
                145.99875156054932,
                294.3102372034956
            ],
            [
                151.4606741573034,
                2.877652933832735
            ],
            [
                509.9968789013733,
                275.1935081148564
            ],
            [
                0.47752808988769857,
                315.3776529338327
            ],
            [
                123.37078651685397,
                41.89138576779027
            ]
        ]
    },
    "Sample2Template Matrix": [
        [
            1.0080975035474062,
            0.004901198431520525,
            -1.2210330174411088
        ],
        [
            -0.0022729930408829603,
            0.9982298383357673,
            1.9248258361206751
        ],
        [
            3.5533881060698167e-06,
            2.60514578649281e-05,
            1.0
        ]
    ]
}