{
    "Template": {
        "Path": "E:/Postgraduate/ImageAlign/code/DeepHomography-master/Data/MFIF-V/estimate-V2\\pair7\\V003_t.jpg",
        "ImageSize": [
            640,
            360
        ],
        "Points": [
            [
                295.2533333222662,
                305.4079198555834
            ],
            [
                100.67784699288663,
                261.2949887952667
            ],
            [
                103.67354443981421,
                67.54922084844395
            ],
            [
                345.69159378933506,
                197.30250193975627
            ],
            [
                412.5894406116356,
                146.3132035221496
            ],
            [
                484.20551646673914,
                305.7627534143253
            ]
        ]
    },
    "Sample": {
        "Path": "E:/Postgraduate/ImageAlign/code/DeepHomography-master/Data/MFIF-V/estimate-V2\\pair7\\V050.jpg",
        "ImageSize": [
            640,
            360
        ],
        "Points": [
            [
                295.3170712941934,
                311.9055710038306
            ],
            [
                86.40076272824618,
                265.30420160726766
            ],
            [
                91.73227532870041,
                59.94223477495662
            ],
            [
                346.65756300227116,
                196.19200123100913
            ],
            [
                416.7570805267619,
                142.87687522646684
            ],
            [
                492.97796437029274,
                313.0903515817093
            ]
        ]
    },
    "Sample2Template Matrix": [
        [
            0.941871087144079,
            0.015399750084909732,
            16.33787020172697
        ],
        [
            -0.007346296769646399,
            0.9586853090625356,
            11.357294567212383
        ],
        [
            -3.376201646235348e-05,
            6.58150973628016e-05,
            1.0
        ]
    ]
}