{
    "Template": {
        "Path": "E:/Postgraduate/ImageAlign/code/DeepHomography-master/Data/MFIF-V/estimate\\pair118\\Z-147716_t.jpg",
        "ImageSize": [
            640,
            360
        ],
        "Points": [
            [
                123.52225387108871,
                39.977107201135055
            ],
            [
                142.89623796925312,
                0.46683108268595674
            ],
            [
                509.906852658759,
                31.659896211571038
            ],
            [
                522.5361259257031,
                281.83698466489005
            ],
            [
                460.4445918332363,
                47.91223556714277
            ],
            [
                146.4360901479431,
                289.31328325690686
            ]
        ]
    },
    "Sample": {
        "Path": "E:/Postgraduate/ImageAlign/code/DeepHomography-master/Data/MFIF-V/estimate\\pair118\\Z-148130.jpg",
        "ImageSize": [
            640,
            360
        ],
        "Points": [
            [
                124.01569716737819,
                40.32852018128486
            ],
            [
                142.8301902393099,
                0.6090348072068537
            ],
            [
                507.9567857885976,
                32.30622938533622
            ],
            [
                521.9944881194889,
                282.82643088618227
            ],
            [
                460.27395008297844,
                46.80326085264403
            ],
            [
                147.272501103516,
                289.6205533843798
            ]
        ]
    },
    "Sample2Template Matrix": [
        [
            1.016817218372635,
            -0.005556445373109527,
            -1.8985642942340881
        ],
        [
            0.005899787109517675,
            0.9980267575655256,
            -0.9457026806292501
        ],
        [
            2.7312215246019585e-05,
            -1.8121777592505483e-05,
            1.0
        ]
    ]
}