{
    "Template": {
        "Path": "E:/Postgraduate/ImageAlign/code/DeepHomography-master/Data/MFIF-V/estimate\\pair88\\V093_t.jpg",
        "ImageSize": [
            640,
            360
        ],
        "Points": [
            [
                218.60413360717087,
                108.15484148121944
            ],
            [
                192.76546725521024,
                196.81685934844046
            ],
            [
                635.8965771581627,
                102.76891831786855
            ],
            [
                187.3456013914463,
                219.90673346963626
            ],
            [
                420.41349055979583,
                140.25681772176273
            ],
            [
                191.40137131711325,
                135.39081876692745
            ]
        ]
    },
    "Sample": {
        "Path": "E:/Postgraduate/ImageAlign/code/DeepHomography-master/Data/MFIF-V/estimate\\pair88\\V096.jpg",
        "ImageSize": [
            640,
            360
        ],
        "Points": [
            [
                218.4801311327019,
                107.87777655759518
            ],
            [
                192.87151556257265,
                197.11596244738232
            ],
            [
                636.306970235263,
                102.56150071331909
            ],
            [
                187.64526748703608,
                219.98079777785483
            ],
            [
                418.9246898942954,
                140.93419889524642
            ],
            [
                191.3036411399117,
                135.9688599636043
            ]
        ]
    },
    "Sample2Template Matrix": [
        [
            0.9627981322374636,
            -0.053142060060063556,
            7.355101770483182
        ],
        [
            -0.001676853732968959,
            0.9117738192092273,
            6.821919243355688
        ],
        [
            -1.1291522552370072e-05,
            -0.0002572508183920374,
            1.0
        ]
    ]
}