{
    "Template": {
        "Path": "E:/Postgraduate/ImageAlign/code/DeepHomography-master/Data/MFIF-V/estimate\\pair90\\V096_t.jpg",
        "ImageSize": [
            640,
            360
        ],
        "Points": [
            [
                294.8255615181248,
                223.69117422474204
            ],
            [
                562.5519835548665,
                94.61444596011908
            ],
            [
                577.2530822877885,
                220.03793426151762
            ],
            [
                186.6589760847284,
                159.011135124448
            ],
            [
                420.10558808895354,
                140.79898819373753
            ],
            [
                187.39668557055228,
                219.55968142575318
            ]
        ]
    },
    "Sample": {
        "Path": "E:/Postgraduate/ImageAlign/code/DeepHomography-master/Data/MFIF-V/estimate\\pair90\\V097.jpg",
        "ImageSize": [
            640,
            360
        ],
        "Points": [
            [
                295.00282104446666,
                222.85230678091426
            ],
            [
                562.7154656070984,
                94.59706667790911
            ],
            [
                577.689775688621,
                219.82179164536802
            ],
            [
                187.0412907047217,
                158.93723417104502
            ],
            [
                419.3899262553813,
                140.67186692874813
            ],
            [
                187.21075306161134,
                219.74419193723685
            ]
        ]
    },
    "Sample2Template Matrix": [
        [
            1.0120072239166953,
            0.002958089585978652,
            -2.0987003786776772
        ],
        [
            0.002989313181591178,
            1.0128323980340899,
            -1.9675949702244777
        ],
        [
            1.3747619424083573e-05,
            1.0751105806853719e-05,
            1.0
        ]
    ]
}