{
    "Template": {
        "Path": "E:/Postgraduate/ImageAlign/code/DeepHomography-master/Data/MFIF-V/estimate\\pair102\\Z-150090_t.jpg",
        "ImageSize": [
            640,
            360
        ],
        "Points": [
            [
                565.1612524586058,
                350.5440897754294
            ],
            [
                104.41263332537224,
                0.7637585910440237
            ],
            [
                0.7121803083364853,
                314.58713456311375
            ],
            [
                202.5179044277644,
                2.124764672662053
            ],
            [
                450.64706006327367,
                0.8167913830124292
            ],
            [
                20.187000701340082,
                320.6652632208028
            ]
        ]
    },
    "Sample": {
        "Path": "E:/Postgraduate/ImageAlign/code/DeepHomography-master/Data/MFIF-V/estimate\\pair102\\Z-150298.jpg",
        "ImageSize": [
            640,
            360
        ],
        "Points": [
            [
                565.6733328566304,
                350.7809911446159
            ],
            [
                104.47097245350344,
                0.7323122964067181
            ],
            [
                0.3160601387812676,
                314.57475972092675
            ],
            [
                202.67417549309863,
                1.6691554230470729
            ],
            [
                450.71717037593703,
                0.5669870387642959
            ],
            [
                20.32041631351359,
                320.5264689960537
            ]
        ]
    },
    "Sample2Template Matrix": [
        [
            1.000843511875942,
            0.0010222179305905007,
            -0.1866492051409232
        ],
        [
            0.00011616930975189895,
            1.0006738061149048,
            0.21628291926677143
        ],
        [
            1.4132981634875766e-06,
            3.6283762024802606e-06,
            1.0
        ]
    ]
}