{
    "Template": {
        "Path": "E:/Postgraduate/ImageAlign/code/DeepHomography-master/Data/MFIF-V/estimate\\pair95\\V072_t.jpg",
        "ImageSize": [
            640,
            360
        ],
        "Points": [
            [
                82.56255390277764,
                226.43886958368387
            ],
            [
                418.37899528455705,
                141.54395365048106
            ],
            [
                604.5384222733683,
                252.11267335207623
            ],
            [
                513.5996057752034,
                92.30549854053045
            ],
            [
                581.612139075494,
                86.0879500754637
            ],
            [
                195.83257557846002,
                195.5209280526925
            ]
        ]
    },
    "Sample": {
        "Path": "E:/Postgraduate/ImageAlign/code/DeepHomography-master/Data/MFIF-V/estimate\\pair95\\V076.jpg",
        "ImageSize": [
            640,
            360
        ],
        "Points": [
            [
                81.73498056060919,
                226.82962585093858
            ],
            [
                418.68706695485713,
                141.11960054206304
            ],
            [
                605.9671224202175,
                252.70022855307758
            ],
            [
                514.4067461846788,
                91.5374914523161
            ],
            [
                582.5826724062998,
                86.27232183976928
            ],
            [
                195.20676627634498,
                195.69564382916073
            ]
        ]
    },
    "Sample2Template Matrix": [
        [
            0.9828678714743113,
            -0.020463229082212906,
            6.347127446773148
        ],
        [
            -0.002478544363384013,
            0.9790241214608822,
            2.9555892838698283
        ],
        [
            -8.392385276723773e-06,
            -3.089666050474699e-05,
            1.0
        ]
    ]
}