{
    "Template": {
        "Path": "E:/Postgraduate/ImageAlign/code/DeepHomography-master/Data/MFIF-V/estimate\\pair2\\V030_t.jpg",
        "ImageSize": [
            640,
            360
        ],
        "Points": [
            [
                276.91303352493964,
                195.04219539661872
            ],
            [
                284.5301901815508,
                212.48472681392627
            ],
            [
                141.60368135665811,
                221.14408234315232
            ],
            [
                578.2782817698118,
                1.452944786386297
            ],
            [
                184.28970879618421,
                70.28260731304408
            ],
            [
                135.43958361481748,
                209.66149549047577
            ]
        ]
    },
    "Sample": {
        "Path": "E:/Postgraduate/ImageAlign/code/DeepHomography-master/Data/MFIF-V/estimate\\pair2\\V031.jpg",
        "ImageSize": [
            640,
            360
        ],
        "Points": [
            [
                276.00496503826133,
                195.045921047521
            ],
            [
                281.14724185197105,
                213.52002663751517
            ],
            [
                140.30599356536615,
                222.6618520841102
            ],
            [
                579.0183876535262,
                0.9725850041803596
            ],
            [
                183.82489178509465,
                69.72673055044727
            ],
            [
                133.06871508681175,
                210.47275148865015
            ]
        ]
    },
    "Sample2Template Matrix": [
        [
            0.9572848349837425,
            -0.011153603198327323,
            5.753579081520069
        ],
        [
            -0.006573002710508542,
            0.947637234084291,
            4.2835786361549335
        ],
        [
            -5.4310329553639315e-05,
            -0.00011063189330188619,
            1.0
        ]
    ]
}