{
    "Template": {
        "Path": "E:/Postgraduate/ImageAlign/code/DeepHomography-master/Data/MFIF-V/estimate\\pair97\\V075_t.jpg",
        "ImageSize": [
            640,
            360
        ],
        "Points": [
            [
                220.61064136789764,
                97.43639893160002
            ],
            [
                418.70298098485665,
                140.8575404292656
            ],
            [
                195.95668214455293,
                195.86424893400968
            ],
            [
                626.5765513878118,
                218.19127687936904
            ],
            [
                582.563024212031,
                85.43332678449882
            ],
            [
                258.0135871856712,
                222.8107599293206
            ]
        ]
    },
    "Sample": {
        "Path": "E:/Postgraduate/ImageAlign/code/DeepHomography-master/Data/MFIF-V/estimate\\pair97\\V080.jpg",
        "ImageSize": [
            640,
            360
        ],
        "Points": [
            [
                219.36548116524364,
                97.31219192177217
            ],
            [
                419.33145636515036,
                140.5718440626714
            ],
            [
                195.11663239147583,
                195.6648126616964
            ],
            [
                627.6771298172035,
                218.44356950077054
            ],
            [
                583.6015471091005,
                85.51477956073956
            ],
            [
                256.728995401689,
                223.29068735673908
            ]
        ]
    },
    "Sample2Template Matrix": [
        [
            0.9892219633429337,
            0.0011694675538454812,
            2.959301525327886
        ],
        [
            -0.0015032797149688213,
            0.9949881621886718,
            0.9783660092560129
        ],
        [
            -6.365498854859352e-06,
            6.231597221744309e-07,
            1.0
        ]
    ]
}