{
    "Template": {
        "Path": "E:/Postgraduate/ImageAlign/code/DeepHomography-master/Data/MFIF-V/estimate\\pair16\\V005_t.jpg",
        "ImageSize": [
            640,
            360
        ],
        "Points": [
            [
                318.0,
                224.0
            ],
            [
                564.0,
                316.0
            ],
            [
                578.0,
                111.0
            ],
            [
                328.0,
                291.0
            ],
            [
                152.0,
                224.0
            ],
            [
                115.0,
                301.0
            ]
        ]
    },
    "Sample": {
        "Path": "E:/Postgraduate/ImageAlign/code/DeepHomography-master/Data/MFIF-V/estimate\\pair16\\V008.jpg",
        "ImageSize": [
            640,
            360
        ],
        "Points": [
            [
                317.0,
                227.0
            ],
            [
                570.0,
                319.0
            ],
            [
                582.0,
                110.0
            ],
            [
                327.0,
                292.0
            ],
            [
                151.0,
                225.0
            ],
            [
                109.0,
                305.0
            ]
        ]
    },
    "Sample2Template Matrix": [
        [
            1.0365582467088803,
            -0.019140053649561953,
            0.90543281775235
        ],
        [
            0.016792642571605763,
            1.0185844154518444,
            -6.477454488138444
        ],
        [
            7.460876837485264e-05,
            -1.3607604104036137e-05,
            1.0
        ]
    ]
}