{
    "Template": {
        "Path": "E:/Postgraduate/ImageAlign/code/DeepHomography-master/Data/MFIF-V/estimate\\pair113\\Z-150747_t.jpg",
        "ImageSize": [
            640,
            360
        ],
        "Points": [
            [
                0.5347032232402853,
                7.670743957603975
            ],
            [
                450.5750616700291,
                1.0638043781083297
            ],
            [
                0.3070644992686198,
                313.6040836099773
            ],
            [
                564.7284073790122,
                350.96205449780825
            ],
            [
                485.25849434761756,
                55.51149201686063
            ],
            [
                178.05827187219413,
                223.53674854340264
            ]
        ]
    },
    "Sample": {
        "Path": "E:/Postgraduate/ImageAlign/code/DeepHomography-master/Data/MFIF-V/estimate\\pair113\\Z-150794.jpg",
        "ImageSize": [
            640,
            360
        ],
        "Points": [
            [
                1.294024550624954,
                6.62710877041431
            ],
            [
                450.32586356665894,
                0.11081559208136582
            ],
            [
                0.5971991836784696,
                313.2863133987795
            ],
            [
                564.8650760414898,
                350.5605574677594
            ],
            [
                482.7098660286772,
                55.99296618202756
            ],
            [
                179.0111112324326,
                223.04702766292675
            ]
        ]
    },
    "Sample2Template Matrix": [
        [
            1.0002446076092657,
            0.0010709449858262458,
            -0.7812103804347039
        ],
        [
            -0.00239831565318706,
            1.0008853881247497,
            1.1886508172368075
        ],
        [
            -9.598108211049435e-06,
            1.375385815702302e-05,
            1.0
        ]
    ]
}