{
    "Template": {
        "Path": "E:/Postgraduate/ImageAlign/code/DeepHomography-master/Data/MFIF-V/estimate\\pair0\\V002_t.jpg",
        "ImageSize": [
            640,
            360
        ],
        "Points": [
            [
                268.1414988464371,
                314.92596453981287
            ],
            [
                111.06421073695762,
                299.95504882217796
            ],
            [
                156.18533050988202,
                223.46765487460556
            ],
            [
                94.38034538163916,
                245.30706440164732
            ],
            [
                317.56710886895866,
                223.25139788517967
            ],
            [
                327.88436940615253,
                295.7312794974534
            ]
        ]
    },
    "Sample": {
        "Path": "E:/Postgraduate/ImageAlign/code/DeepHomography-master/Data/MFIF-V/estimate\\pair0\\V004.jpg",
        "ImageSize": [
            640,
            360
        ],
        "Points": [
            [
                267.998831648411,
                316.4050747715048
            ],
            [
                107.77251814861052,
                300.60090059108217
            ],
            [
                153.3035913826852,
                224.21405871903949
            ],
            [
                90.79644586051009,
                245.56899951513765
            ],
            [
                317.55411590064887,
                224.4022036497588
            ],
            [
                327.713942159492,
                296.27356718453785
            ]
        ]
    },
    "Sample2Template Matrix": [
        [
            0.9722094833163524,
            -0.004214195945958457,
            7.089829311145328
        ],
        [
            -0.00959385058936801,
            0.991538109655926,
            1.8109822782576774
        ],
        [
            -2.792108452880547e-05,
            -1.1978822735303137e-06,
            1.0
        ]
    ]
}