{
    "Template": {
        "Path": "E:/Postgraduate/ImageAlign/code/DeepHomography-master/Data/MFIF-V/estimate\\pair11\\V031_t.jpg",
        "ImageSize": [
            640,
            360
        ],
        "Points": [
            [
                290.182635010875,
                213.65748017711837
            ],
            [
                287.90891024049597,
                265.7545231906746
            ],
            [
                143.03390741605293,
                213.57943862049964
            ],
            [
                430.43071369151147,
                122.38397546529838
            ],
            [
                144.2020048529775,
                267.2944652655779
            ],
            [
                183.5259718573752,
                69.17614851215266
            ]
        ]
    },
    "Sample": {
        "Path": "E:/Postgraduate/ImageAlign/code/DeepHomography-master/Data/MFIF-V/estimate\\pair11\\V036.jpg",
        "ImageSize": [
            640,
            360
        ],
        "Points": [
            [
                291.5411841435413,
                218.71424499392137
            ],
            [
                287.18262676011966,
                266.53018334734077
            ],
            [
                140.2736043659677,
                215.76580911690087
            ],
            [
                429.8612846350683,
                122.82598255864593
            ],
            [
                137.83793994582035,
                271.78609078029035
            ],
            [
                177.96640861779778,
                67.31826724354677
            ]
        ]
    },
    "Sample2Template Matrix": [
        [
            0.8712894603091484,
            -0.021451627425715415,
            23.479594740246537
        ],
        [
            -0.02103643608656852,
            0.9181448948181636,
            8.688277727631366
        ],
        [
            -0.00016650715611526187,
            -8.028016852153219e-05,
            1.0
        ]
    ]
}