{
    "Template": {
        "Path": "E:/Postgraduate/ImageAlign/code/DeepHomography-master/Data/MFIF-V/estimate\\pair83\\V005_t.jpg",
        "ImageSize": [
            640,
            360
        ],
        "Points": [
            [
                99.78847212674822,
                262.5363352778455
            ],
            [
                622.8152627913846,
                28.476560411409082
            ],
            [
                294.6213071766201,
                305.4454305924423
            ],
            [
                324.572737445654,
                305.82649204624676
            ],
            [
                413.47683333171847,
                146.53064118899871
            ],
            [
                103.5490900759321,
                67.34896881275276
            ]
        ]
    },
    "Sample": {
        "Path": "E:/Postgraduate/ImageAlign/code/DeepHomography-master/Data/MFIF-V/estimate\\pair83\\V006.jpg",
        "ImageSize": [
            640,
            360
        ],
        "Points": [
            [
                99.84186523951578,
                262.5524119827798
            ],
            [
                623.5922814506903,
                27.625220872906425
            ],
            [
                294.42969348463964,
                305.59208738902214
            ],
            [
                324.35356511791696,
                305.3716537121656
            ],
            [
                413.4087705679651,
                146.4297879620538
            ],
            [
                102.87282829629342,
                66.69709009573077
            ]
        ]
    },
    "Sample2Template Matrix": [
        [
            0.9938971720169946,
            -0.006250672458257997,
            1.5455906143502307
        ],
        [
            -0.0004062654071390117,
            0.9886263335728457,
            1.3172527389440738
        ],
        [
            -3.2572291354356615e-06,
            -2.281144195643414e-05,
            1.0
        ]
    ]
}