{
    "Template": {
        "Path": "E:/Postgraduate/ImageAlign/code/DeepHomography-master/Data/MFIF-V/estimate\\pair3\\V007_t.jpg",
        "ImageSize": [
            640,
            360
        ],
        "Points": [
            [
                319.2855097741166,
                225.90599701301122
            ],
            [
                111.50310389846837,
                303.9348502577774
            ],
            [
                178.87581113322952,
                271.8176413567678
            ],
            [
                151.1787158917903,
                225.6638516641793
            ],
            [
                581.5679100538572,
                110.00758185744776
            ],
            [
                328.7246555235619,
                292.30197622636143
            ]
        ]
    },
    "Sample": {
        "Path": "E:/Postgraduate/ImageAlign/code/DeepHomography-master/Data/MFIF-V/estimate\\pair3\\V009.jpg",
        "ImageSize": [
            640,
            360
        ],
        "Points": [
            [
                316.2328229052835,
                229.51147038770276
            ],
            [
                108.76942915220627,
                305.31654529295145
            ],
            [
                176.82832688166758,
                272.4719274413248
            ],
            [
                147.57092269326128,
                228.97330223131468
            ],
            [
                584.1329311552664,
                109.60760514444
            ],
            [
                328.37647972054907,
                293.7988856771965
            ]
        ]
    },
    "Sample2Template Matrix": [
        [
            1.0082968606673641,
            0.0009102352824984722,
            6.023444028397366
        ],
        [
            -0.015583024302302111,
            1.0977295582840956,
            -17.05644484990515
        ],
        [
            -5.130850859568676e-05,
            0.0001482618407844468,
            1.0
        ]
    ]
}