{
    "Template": {
        "Path": "E:/Postgraduate/ImageAlign/code/DeepHomography-master/Data/MFIF-V/estimate\\pair110\\Z-147494_t.jpg",
        "ImageSize": [
            640,
            360
        ],
        "Points": [
            [
                1.7450925141403673,
                315.082728134915
            ],
            [
                519.3024414549079,
                277.70490782262084
            ],
            [
                142.91780848779734,
                308.43792685583855
            ],
            [
                513.1051784603792,
                10.594093441576433
            ],
            [
                509.7880349909577,
                30.947873607497115
            ],
            [
                122.22955003576709,
                39.912597942001696
            ],
            [
                25.036862195417484,
                35.47024900753962
            ]
        ]
    },
    "Sample": {
        "Path": "E:/Postgraduate/ImageAlign/code/DeepHomography-master/Data/MFIF-V/estimate\\pair110\\Z-147716.jpg",
        "ImageSize": [
            640,
            360
        ],
        "Points": [
            [
                2.1481852426612136,
                316.20270980155607
            ],
            [
                519.0112359550562,
                277.8876404494382
            ],
            [
                142.25312534763603,
                310.7469353619482
            ],
            [
                511.4753525566966,
                11.179607189854835
            ],
            [
                510.6273985551968,
                30.79061744343059
            ],
            [
                122.57847894660563,
                39.9365515756196
            ],
            [
                24.257242344717383,
                35.47227486989189
            ]
        ]
    },
    "Sample2Template Matrix": [
        [
            0.9962426947192865,
            -0.0009409462501562359,
            0.4982082321957821
        ],
        [
            -0.0003433436886403396,
            0.9939982812689511,
            0.11232697029202351
        ],
        [
            -7.031213360557191e-06,
            -1.4300567120422508e-06,
            1.0
        ]
    ]
}