{
    "Template": {
        "Path": "E:/Postgraduate/ImageAlign/code/DeepHomography-master/Data/MFIF-V/estimate\\pair18\\V025_t.jpg",
        "ImageSize": [
            640,
            360
        ],
        "Points": [
            [
                288.0,
                209.0
            ],
            [
                70.88397549488047,
                324.0106535773667
            ],
            [
                325.0,
                305.0
            ],
            [
                191.51352216363676,
                73.7356544849213
            ],
            [
                151.0,
                211.0
            ],
            [
                292.0,
                235.0
            ]
        ]
    },
    "Sample": {
        "Path": "E:/Postgraduate/ImageAlign/code/DeepHomography-master/Data/MFIF-V/estimate\\pair18\\V029.jpg",
        "ImageSize": [
            640,
            360
        ],
        "Points": [
            [
                286.0,
                211.0
            ],
            [
                64.87547394460623,
                331.0427503814676
            ],
            [
                325.0,
                313.0
            ],
            [
                186.8787141016674,
                70.42397555307318
            ],
            [
                143.0,
                213.0
            ],
            [
                294.0,
                237.0
            ]
        ]
    },
    "Sample2Template Matrix": [
        [
            1.0518149656740805,
            0.007819482840961426,
            1.9073713581456422
        ],
        [
            0.04901012996114157,
            0.9944044927598243,
            -2.563325941428586
        ],
        [
            0.00018797576278720002,
            1.2604976348225719e-05,
            1.0
        ]
    ]
}