{
    "Template": {
        "Path": "E:/Postgraduate/ImageAlign/code/DeepHomography-master/Data/MFIF-V/estimate\\pair93\\V084_t.jpg",
        "ImageSize": [
            640,
            360
        ],
        "Points": [
            [
                195.29145790738664,
                152.64298780181804
            ],
            [
                585.0012400599703,
                84.90108671808507
            ],
            [
                502.7136357073135,
                230.2462498195112
            ],
            [
                628.9831796103865,
                218.83280450266406
            ],
            [
                419.8429948878278,
                141.2976626151256
            ],
            [
                193.56624092191572,
                195.52695286923841
            ]
        ]
    },
    "Sample": {
        "Path": "E:/Postgraduate/ImageAlign/code/DeepHomography-master/Data/MFIF-V/estimate\\pair93\\V088.jpg",
        "ImageSize": [
            640,
            360
        ],
        "Points": [
            [
                194.88475271453183,
                152.38258755571604
            ],
            [
                586.3170887207558,
                84.46703721333742
            ],
            [
                503.4155441110816,
                230.08345384585172
            ],
            [
                630.5711226419705,
                218.53606234251862
            ],
            [
                419.171686572248,
                140.44020553934115
            ],
            [
                193.90837954730966,
                196.458861961745
            ]
        ]
    },
    "Sample2Template Matrix": [
        [
            1.0034985834093482,
            -0.022176370493562164,
            2.6949595290549224
        ],
        [
            0.004218788694284562,
            0.9929528089240507,
            -0.34808903907948413
        ],
        [
            1.691922466725427e-05,
            -3.689719560708426e-05,
            1.0
        ]
    ]
}