{
    "Template": {
        "Path": "E:/Postgraduate/ImageAlign/code/DeepHomography-master/Data/MFIF-V/estimate\\pair81\\V057_t.jpg",
        "ImageSize": [
            640,
            360
        ],
        "Points": [
            [
                417.12041323731137,
                141.9792297062858
            ],
            [
                583.227860946879,
                49.46076139215745
            ],
            [
                515.336998362504,
                51.37318308235936
            ],
            [
                485.3805759704477,
                94.84614125873969
            ],
            [
                320.0,
                16.497681222144763
            ],
            [
                346.80253351825786,
                196.05623470197523
            ]
        ]
    },
    "Sample": {
        "Path": "E:/Postgraduate/ImageAlign/code/DeepHomography-master/Data/MFIF-V/estimate\\pair81\\V058.jpg",
        "ImageSize": [
            640,
            360
        ],
        "Points": [
            [
                417.3223500668764,
                142.19474268439342
            ],
            [
                583.5342190812846,
                49.32604452702094
            ],
            [
                515.2541342395479,
                51.34417511347621
            ],
            [
                485.39988220029693,
                94.3900723231153
            ],
            [
                321.4549932883681,
                15.632693681770718
            ],
            [
                346.5720527216611,
                196.64957733825602
            ]
        ]
    },
    "Sample2Template Matrix": [
        [
            1.0502165047173888,
            0.04265299722329817,
            -13.001389598296964
        ],
        [
            -0.0017732543159955016,
            1.030153002916324,
            1.1904703388323943
        ],
        [
            4.610127261116043e-05,
            0.0001029910871824357,
            1.0
        ]
    ]
}