{
    "Template": {
        "Path": "E:/Postgraduate/ImageAlign/code/DeepHomography-master/Data/MFIF-V/estimate\\pair100\\Z-149268_t.jpg",
        "ImageSize": [
            640,
            360
        ],
        "Points": [
            [
                500.35280460390396,
                56.72355355897858
            ],
            [
                160.4598687485867,
                278.656436303444
            ],
            [
                107.38812466038206,
                0.07703303017839858
            ],
            [
                139.297020530532,
                54.02420859842802
            ],
            [
                434.2267928811465,
                7.0950600908672925
            ],
            [
                507.9912763283046,
                269.11550345134077
            ]
        ]
    },
    "Sample": {
        "Path": "E:/Postgraduate/ImageAlign/code/DeepHomography-master/Data/MFIF-V/estimate\\pair100\\Z-149435.jpg",
        "ImageSize": [
            640,
            360
        ],
        "Points": [
            [
                498.3707865168539,
                56.87265917602997
            ],
            [
                160.200630249656,
                279.30217245421073
            ],
            [
                107.08265340263966,
                0.6351660475845051
            ],
            [
                137.92607253997045,
                56.964895552999835
            ],
            [
                434.8626832801863,
                6.616272884160139
            ],
            [
                504.3820321049306,
                269.2120546494094
            ]
        ]
    },
    "Sample2Template Matrix": [
        [
            1.0011884559429047,
            -0.009695591065391704,
            0.752612493835176
        ],
        [
            0.004843410127233298,
            0.9874713784356447,
            -1.8061741946816847
        ],
        [
            5.28359693720436e-06,
            -4.818560320074844e-05,
            1.0
        ]
    ]
}