{
    "Template": {
        "Path": "E:/Postgraduate/ImageAlign/code/DeepHomography-master/Data/MFIF-V/estimate\\pair103\\Z-150441_t.jpg",
        "ImageSize": [
            640,
            360
        ],
        "Points": [
            [
                0.4203168045231678,
                315.3434338572692
            ],
            [
                45.783795856268114,
                0.6094180562676854
            ],
            [
                438.6759207551007,
                4.498073916257454
            ],
            [
                565.3774558789457,
                351.4402884804383
            ],
            [
                21.342155954959367,
                320.70077811411943
            ],
            [
                105.40532772978202,
                0.7005040900152437
            ]
        ]
    },
    "Sample": {
        "Path": "E:/Postgraduate/ImageAlign/code/DeepHomography-master/Data/MFIF-V/estimate\\pair103\\Z-150513.jpg",
        "ImageSize": [
            640,
            360
        ],
        "Points": [
            [
                0.5950697308923623,
                314.9975465595719
            ],
            [
                45.53124256079582,
                0.7106562975644692
            ],
            [
                438.45759044667216,
                4.361418420160277
            ],
            [
                565.4739518343051,
                351.49046560231886
            ],
            [
                21.545680807231975,
                320.5108652638718
            ],
            [
                106.322669828322,
                0.5291893504972052
            ]
        ]
    },
    "Sample2Template Matrix": [
        [
            1.0014727024587589,
            0.0006320216997628559,
            -0.3927245675680474
        ],
        [
            -0.00011031068966824464,
            1.00132831478423,
            0.09091418656759102
        ],
        [
            6.683194677796306e-07,
            2.772015607024599e-06,
            1.0
        ]
    ]
}