{
    "Template": {
        "Path": "E:/Postgraduate/ImageAlign/code/DeepHomography-master/Data/MFIF-V/estimate\\pair89\\V098_t.jpg",
        "ImageSize": [
            640,
            360
        ],
        "Points": [
            [
                193.0,
                195.0
            ],
            [
                561.0,
                95.0
            ],
            [
                420.0,
                140.0
            ],
            [
                187.0,
                159.0
            ],
            [
                636.0,
                92.0
            ],
            [
                179.0,
                257.0
            ]
        ]
    },
    "Sample": {
        "Path": "E:/Postgraduate/ImageAlign/code/DeepHomography-master/Data/MFIF-V/estimate\\pair89\\V100.jpg",
        "ImageSize": [
            640,
            360
        ],
        "Points": [
            [
                194.0,
                195.0
            ],
            [
                562.0,
                95.0
            ],
            [
                420.0,
                141.0
            ],
            [
                187.0,
                159.0
            ],
            [
                637.0,
                91.0
            ],
            [
                178.0,
                257.0
            ]
        ]
    },
    "Sample2Template Matrix": [
        [
            0.9985126907016434,
            0.003888433551407828,
            -2.3401120540331672
        ],
        [
            0.0003648165879187287,
            0.9811166709742749,
            1.546300262429857
        ],
        [
            2.6868467702349774e-06,
            -5.047383868622218e-05,
            1.0
        ]
    ]
}