{
    "Template": {
        "Path": "E:/Postgraduate/ImageAlign/code/DeepHomography-master/Data/MFIF-V/estimate\\pair80\\V063_t.jpg",
        "ImageSize": [
            640,
            360
        ],
        "Points": [
            [
                392.3398657125127,
                254.360532352527
            ],
            [
                417.588257683258,
                141.53207051787854
            ],
            [
                294.2350143175288,
                94.7528868777495
            ],
            [
                581.5231782318456,
                49.29098892553915
            ],
            [
                346.6778810580709,
                196.34415637945054
            ],
            [
                197.2303472780157,
                196.30888375642596
            ]
        ]
    },
    "Sample": {
        "Path": "E:/Postgraduate/ImageAlign/code/DeepHomography-master/Data/MFIF-V/estimate\\pair80\\V066.jpg",
        "ImageSize": [
            640,
            360
        ],
        "Points": [
            [
                392.46076011365585,
                254.22502209903183
            ],
            [
                417.72751211850454,
                141.69031117469325
            ],
            [
                294.85926670839245,
                94.55931242250666
            ],
            [
                581.5518393319874,
                48.562482089490345
            ],
            [
                346.3379110673984,
                196.06738593824542
            ],
            [
                196.5016610236822,
                196.44544207796883
            ]
        ]
    },
    "Sample2Template Matrix": [
        [
            0.9990872388986439,
            0.013473666963022874,
            -1.0382089531444456
        ],
        [
            0.0015990047708017937,
            1.0053512170888492,
            -0.7497991756905168
        ],
        [
            -4.667431833542423e-06,
            2.60779526702258e-05,
            1.0
        ]
    ]
}