{
    "Template": {
        "Path": "E:/Postgraduate/ImageAlign/code/DeepHomography-master/Data/MFIF-V/estimate\\pair7\\V028_t.jpg",
        "ImageSize": [
            640,
            360
        ],
        "Points": [
            [
                188.0,
                72.0
            ],
            [
                281.3440631401207,
                198.38184410120135
            ],
            [
                142.0,
                207.0
            ],
            [
                324.0,
                310.0
            ],
            [
                67.0,
                325.0
            ],
            [
                441.0,
                167.0
            ]
        ]
    },
    "Sample": {
        "Path": "E:/Postgraduate/ImageAlign/code/DeepHomography-master/Data/MFIF-V/estimate\\pair7\\V032.jpg",
        "ImageSize": [
            640,
            360
        ],
        "Points": [
            [
                183.0,
                70.0
            ],
            [
                281.97752808988764,
                197.79775280898878
            ],
            [
                142.0,
                212.0
            ],
            [
                323.0,
                315.0
            ],
            [
                54.0,
                332.0
            ],
            [
                446.0,
                167.0
            ]
        ]
    },
    "Sample2Template Matrix": [
        [
            0.9533086525585772,
            0.00889047939876755,
            12.623051872175333
        ],
        [
            0.002118501188610901,
            0.9681169810638863,
            3.729558491468426
        ],
        [
            -1.0249967977461435e-05,
            4.065684321600554e-06,
            1.0
        ]
    ]
}