{
    "Template": {
        "Path": "E:/Postgraduate/ImageAlign/code/DeepHomography-master/Data/MFIF-V/estimate\\pair14\\V016_t.jpg",
        "ImageSize": [
            640,
            360
        ],
        "Points": [
            [
                327.1824637193868,
                298.1002248716316
            ],
            [
                93.8549994638783,
                312.0547258121545
            ],
            [
                291.4998037169139,
                209.7051678171136
            ],
            [
                210.58169615541587,
                269.4826894169935
            ],
            [
                453.9921802281348,
                171.44730764501267
            ],
            [
                157.3406740077826,
                206.52667703551083
            ]
        ]
    },
    "Sample": {
        "Path": "E:/Postgraduate/ImageAlign/code/DeepHomography-master/Data/MFIF-V/estimate\\pair14\\V019.jpg",
        "ImageSize": [
            640,
            360
        ],
        "Points": [
            [
                324.37992286079134,
                299.3261911098515
            ],
            [
                86.3685049621798,
                316.52540039247106
            ],
            [
                288.53907818736803,
                209.2730969299733
            ],
            [
                207.32569417618765,
                271.7116442751961
            ],
            [
                456.07860525821013,
                170.86981520751482
            ],
            [
                154.65700703528933,
                207.07677116696266
            ]
        ]
    },
    "Sample2Template Matrix": [
        [
            1.0071447495193115,
            0.051864804562990335,
            -5.071051345468153
        ],
        [
            -0.008234689123706656,
            1.0475650576548075,
            -3.8064222066054967
        ],
        [
            -6.549853170980027e-05,
            0.00017278117467089355,
            1.0
        ]
    ]
}