{
    "Template": {
        "Path": "E:/Postgraduate/ImageAlign/code/DeepHomography-master/Data/MFIF-V/estimate\\pair85\\V003_t.jpg",
        "ImageSize": [
            640,
            360
        ],
        "Points": [
            [
                360.4687263940382,
                304.8357322663551
            ],
            [
                482.6648058471077,
                306.61375984354544
            ],
            [
                103.37382669150517,
                67.51781840140127
            ],
            [
                100.44543921669151,
                261.8061059812153
            ],
            [
                413.76491554765903,
                146.3998944285879
            ],
            [
                295.3613754689098,
                305.51636764845705
            ]
        ]
    },
    "Sample": {
        "Path": "E:/Postgraduate/ImageAlign/code/DeepHomography-master/Data/MFIF-V/estimate\\pair85\\V007.jpg",
        "ImageSize": [
            640,
            360
        ],
        "Points": [
            [
                360.41689743482397,
                305.50865975998016
            ],
            [
                482.2653836744788,
                306.43774215747277
            ],
            [
                102.70848619906502,
                66.85972189649607
            ],
            [
                99.3291469486617,
                262.45587770984156
            ],
            [
                413.08246815435217,
                145.82060349225094
            ],
            [
                294.58736883696685,
                305.50865975998016
            ]
        ]
    },
    "Sample2Template Matrix": [
        [
            0.9964504251332963,
            0.003846494549790979,
            0.7825285440881485
        ],
        [
            -0.00028143706424899284,
            0.997872515951417,
            0.7757105688387529
        ],
        [
            -9.506680356616187e-06,
            1.4117190210787724e-05,
            1.0
        ]
    ]
}