{
    "Template": {
        "Path": "E:/Postgraduate/ImageAlign/code/DeepHomography-master/Data/MFIF-V/estimate\\pair19\\V015_t.jpg",
        "ImageSize": [
            640,
            360
        ],
        "Points": [
            [
                97.64045063576637,
                312.25800021607785
            ],
            [
                93.39618026168233,
                199.61298765534067
            ],
            [
                211.51397445013237,
                269.5579306235579
            ],
            [
                328.5754206267826,
                296.7093831645046
            ],
            [
                301.6428719269112,
                211.58955789244035
            ],
            [
                290.84932864880585,
                209.2412013864463
            ]
        ]
    },
    "Sample": {
        "Path": "E:/Postgraduate/ImageAlign/code/DeepHomography-master/Data/MFIF-V/estimate\\pair19\\V019.jpg",
        "ImageSize": [
            640,
            360
        ],
        "Points": [
            [
                88.31810477216618,
                316.0936397039581
            ],
            [
                85.5122312516225,
                199.53392083893542
            ],
            [
                207.54272136692742,
                271.4839742294016
            ],
            [
                326.67671167803553,
                298.8454678690329
            ],
            [
                299.739611030691,
                211.72244169298187
            ],
            [
                287.70770473195773,
                209.09807093936058
            ]
        ]
    },
    "Sample2Template Matrix": [
        [
            0.9632777065241425,
            0.019052563553601132,
            7.974589004804488
        ],
        [
            -0.01352211038896437,
            0.9928667336259137,
            4.45231264470237
        ],
        [
            -6.382946632581195e-05,
            6.878956880602062e-05,
            1.0
        ]
    ]
}