{
    "Template": {
        "Path": "E:/Postgraduate/ImageAlign/code/DeepHomography-master/Data/MFIF-V/estimate\\pair92\\V097_t.jpg",
        "ImageSize": [
            640,
            360
        ],
        "Points": [
            [
                187.76277750717614,
                158.24563252890698
            ],
            [
                619.5818199779733,
                251.85815167622007
            ],
            [
                187.87028643020219,
                219.53622258370893
            ],
            [
                420.4754844482031,
                139.95437526309027
            ],
            [
                253.73784244102416,
                228.4337743592514
            ],
            [
                562.1543060154125,
                94.66148250077529
            ]
        ]
    },
    "Sample": {
        "Path": "E:/Postgraduate/ImageAlign/code/DeepHomography-master/Data/MFIF-V/estimate\\pair92\\V098.jpg",
        "ImageSize": [
            640,
            360
        ],
        "Points": [
            [
                187.38395508325925,
                158.96435149596527
            ],
            [
                618.6583014832677,
                251.0987498609456
            ],
            [
                188.0372360927013,
                220.17678208068747
            ],
            [
                419.18983326695474,
                140.25873859227391
            ],
            [
                253.80085770986994,
                227.907274025752
            ],
            [
                561.9317338300476,
                94.63794809956916
            ]
        ]
    },
    "Sample2Template Matrix": [
        [
            1.0045134963593731,
            -0.02226903963123298,
            2.2851513288116707
        ],
        [
            0.004925303216229623,
            0.9963643791650966,
            -1.9253218838180015
        ],
        [
            1.5720409368668194e-05,
            -4.7969125995295056e-05,
            1.0
        ]
    ]
}