{
    "Template": {
        "Path": "E:/Postgraduate/ImageAlign/code/DeepHomography-master/Data/MFIF-V/estimate\\pair10\\V001_t.jpg",
        "ImageSize": [
            640,
            360
        ],
        "Points": [
            [
                558.5511316094899,
                314.66953390767856
            ],
            [
                317.94792906445844,
                223.77751329155348
            ],
            [
                321.432839842171,
                290.49723724036494
            ],
            [
                96.53416499768997,
                247.5624030526094
            ],
            [
                112.57873305945955,
                300.6417433229358
            ],
            [
                157.3391771760716,
                224.05112274962568
            ]
        ]
    },
    "Sample": {
        "Path": "E:/Postgraduate/ImageAlign/code/DeepHomography-master/Data/MFIF-V/estimate\\pair10\\V002.jpg",
        "ImageSize": [
            640,
            360
        ],
        "Points": [
            [
                559.4970671205908,
                315.05082033934355
            ],
            [
                317.20260141334194,
                224.2647188124132
            ],
            [
                322.36553747528234,
                290.57198027319737
            ],
            [
                94.61457730163949,
                246.38002045057755
            ],
            [
                111.42718146510566,
                300.84517159442356
            ],
            [
                155.94080053540534,
                223.93561309633577
            ]
        ]
    },
    "Sample2Template Matrix": [
        [
            1.0010828291760079,
            0.003763416897495272,
            2.981046015819133
        ],
        [
            -0.013420048353586555,
            1.04382443109166,
            -3.5656244714081837
        ],
        [
            -3.996041646646974e-05,
            0.000103263987320068,
            1.0
        ]
    ]
}