{
    "Template": {
        "Path": "E:/Postgraduate/ImageAlign/code/DeepHomography-master/Data/MFIF-V/estimate\\pair116\\Z-147173_t.jpg",
        "ImageSize": [
            640,
            360
        ],
        "Points": [
            [
                0.5014089396363488,
                314.3282391069996
            ],
            [
                144.46699528583187,
                0.3871465368064264
            ],
            [
                520.8346286131251,
                280.252695758519
            ],
            [
                145.98039215686273,
                288.66013071895424
            ],
            [
                122.28758169934642,
                37.84313725490196
            ],
            [
                509.1752893702384,
                28.4994504619701
            ]
        ]
    },
    "Sample": {
        "Path": "E:/Postgraduate/ImageAlign/code/DeepHomography-master/Data/MFIF-V/estimate\\pair116\\Z-147421.jpg",
        "ImageSize": [
            640,
            360
        ],
        "Points": [
            [
                0.9222527501368063,
                315.4633829807548
            ],
            [
                144.44524204095933,
                0.6220954579784461
            ],
            [
                521.4901577516947,
                280.74507887584735
            ],
            [
                147.64150943396228,
                288.6792452830189
            ],
            [
                122.16981132075475,
                39.905660377358515
            ],
            [
                509.3729141262163,
                30.53115394817104
            ]
        ]
    },
    "Sample2Template Matrix": [
        [
            0.9879618715856862,
            -0.006669932195312323,
            1.5035659182940622
        ],
        [
            -0.0034136818642864133,
            0.9959673178800087,
            -0.5324283001115665
        ],
        [
            -1.701445645172492e-05,
            -9.359632932073107e-06,
            1.0
        ]
    ]
}