{
    "Template": {
        "Path": "E:/Postgraduate/ImageAlign/code/DeepHomography-master/Data/MFIF-V/estimate\\pair94\\V077_t.jpg",
        "ImageSize": [
            640,
            360
        ],
        "Points": [
            [
                252.48069239076244,
                129.56112844131658
            ],
            [
                437.98350613183686,
                253.53665338379818
            ],
            [
                582.5450185244179,
                85.6126497820191
            ],
            [
                626.7728974295574,
                218.31667727457392
            ],
            [
                418.2424060589734,
                141.1123809349897
            ],
            [
                194.73689685607656,
                196.04518547338242
            ]
        ]
    },
    "Sample": {
        "Path": "E:/Postgraduate/ImageAlign/code/DeepHomography-master/Data/MFIF-V/estimate\\pair94\\V081.jpg",
        "ImageSize": [
            640,
            360
        ],
        "Points": [
            [
                252.5652120518409,
                129.25699124692977
            ],
            [
                438.6696270267165,
                253.57894203564302
            ],
            [
                583.4900071416359,
                84.83873295793806
            ],
            [
                628.3305452916819,
                218.7249277326062
            ],
            [
                418.86319276223367,
                140.6942592652353
            ],
            [
                194.8784231536137,
                196.02410802728534
            ]
        ]
    },
    "Sample2Template Matrix": [
        [
            1.0020534168575188,
            -0.0016912877454106866,
            0.0021993422793992754
        ],
        [
            0.000899236046538478,
            0.9973253772206692,
            0.7034693831665237
        ],
        [
            6.1021745254017516e-06,
            3.437070404767089e-07,
            1.0
        ]
    ]
}