{
    "Template": {
        "Path": "E:/Postgraduate/ImageAlign/code/DeepHomography-master/Data/MFIF-V/estimate\\pair111\\Z-148994_t.jpg",
        "ImageSize": [
            640,
            360
        ],
        "Points": [
            [
                512.9549004103894,
                278.40000808971854
            ],
            [
                139.23477384949996,
                61.53239416125422
            ],
            [
                0.5859715282544471,
                314.49655834883083
            ],
            [
                501.77851686407257,
                55.3205869701671
            ],
            [
                157.6971550975788,
                0.4452493745779691
            ],
            [
                158.3510408341269,
                279.0826713736143
            ]
        ]
    },
    "Sample": {
        "Path": "E:/Postgraduate/ImageAlign/code/DeepHomography-master/Data/MFIF-V/estimate\\pair111\\Z-149203.jpg",
        "ImageSize": [
            640,
            360
        ],
        "Points": [
            [
                510.24707160658227,
                277.307146381272
            ],
            [
                136.36372200731012,
                57.89629683208578
            ],
            [
                0.34634877034534384,
                314.4240884010988
            ],
            [
                499.86655376766697,
                56.95321530956673
            ],
            [
                156.93178506596405,
                0.7383804144774899
            ],
            [
                163.72579552238253,
                279.5188817921776
            ]
        ]
    },
    "Sample2Template Matrix": [
        [
            0.948473838984352,
            -0.030373385694756515,
            9.79581113679837
        ],
        [
            -0.01829498674158548,
            0.9549947805458767,
            7.914491124257789
        ],
        [
            -7.088437460458574e-05,
            -6.37838840779932e-05,
            1.0
        ]
    ]
}