{
    "Template": {
        "Path": "E:/Postgraduate/ImageAlign/code/DeepHomography-master/Data/MFIF-V/estimate\\pair1\\V032_t.jpg",
        "ImageSize": [
            640,
            360
        ],
        "Points": [
            [
                275.13304614669926,
                80.49309244416469
            ],
            [
                289.1888052037084,
                261.43666277347813
            ],
            [
                183.14987387892367,
                68.86793598946889
            ],
            [
                280.8312543388261,
                213.6825695587945
            ],
            [
                135.06758988982043,
                265.99944956985644
            ],
            [
                143.64137540767814,
                214.16061830240014
            ]
        ]
    },
    "Sample": {
        "Path": "E:/Postgraduate/ImageAlign/code/DeepHomography-master/Data/MFIF-V/estimate\\pair1\\V037.jpg",
        "ImageSize": [
            640,
            360
        ],
        "Points": [
            [
                272.8213024558634,
                78.64120002503988
            ],
            [
                287.18413831603874,
                267.31363198053975
            ],
            [
                177.01652798124348,
                65.86846862130497
            ],
            [
                285.9013585226227,
                218.70470796726497
            ],
            [
                124.11244764718484,
                272.89342085370185
            ],
            [
                132.9129748550454,
                218.7929312774751
            ]
        ]
    },
    "Sample2Template Matrix": [
        [
            0.9268690995372532,
            0.012610566537103627,
            16.946559206961634
        ],
        [
            -0.010229401356406228,
            0.9525744141586134,
            7.188191508694172
        ],
        [
            -6.325773660353273e-05,
            3.133680441685789e-05,
            1.0
        ]
    ]
}