{
    "Template": {
        "Path": "E:/Postgraduate/ImageAlign/code/DeepHomography-master/Data/MFIF-V/estimate\\pair99\\V012_t.jpg",
        "ImageSize": [
            640,
            360
        ],
        "Points": [
            [
                206.30247188490208,
                263.2777921160916
            ],
            [
                413.01092276939573,
                145.4884596047001
            ],
            [
                635.4181701950258,
                93.81721944992441
            ],
            [
                576.3161578430726,
                305.6530343765493
            ],
            [
                210.73232147194733,
                67.98632745658264
            ],
            [
                262.50980641347104,
                305.2790839833432
            ]
        ]
    },
    "Sample": {
        "Path": "E:/Postgraduate/ImageAlign/code/DeepHomography-master/Data/MFIF-V/estimate\\pair99\\V017.jpg",
        "ImageSize": [
            640,
            360
        ],
        "Points": [
            [
                205.37281262631862,
                263.3944986791671
            ],
            [
                413.5512728274496,
                144.8564001547676
            ],
            [
                636.073037913415,
                91.33797850224335
            ],
            [
                578.3797059043847,
                306.41796338693456
            ],
            [
                208.98083810839822,
                67.23250485026274
            ],
            [
                261.33536535210186,
                305.5606100147664
            ]
        ]
    },
    "Sample2Template Matrix": [
        [
            1.0029421881227845,
            0.0022260075316315035,
            1.2436576069497227
        ],
        [
            0.003389178050898625,
            1.0011931088167694,
            0.3455165154153823
        ],
        [
            8.2347585251903e-06,
            1.694769595018934e-05,
            1.0
        ]
    ]
}