{
    "Template": {
        "Path": "E:/Postgraduate/ImageAlign/code/DeepHomography-master/Data/MFIF-V/estimate\\pair96\\V036_t.jpg",
        "ImageSize": [
            640,
            360
        ],
        "Points": [
            [
                168.4651816067617,
                336.9730223510945
            ],
            [
                416.40872258972223,
                144.26641874162038
            ],
            [
                346.43766725475757,
                195.95646189340397
            ],
            [
                608.4859390942054,
                282.9174028289652
            ],
            [
                597.6092146211361,
                53.63861321970529
            ],
            [
                544.1897795836551,
                284.158509348445
            ]
        ]
    },
    "Sample": {
        "Path": "E:/Postgraduate/ImageAlign/code/DeepHomography-master/Data/MFIF-V/estimate\\pair96\\V037.jpg",
        "ImageSize": [
            640,
            360
        ],
        "Points": [
            [
                168.4040397286407,
                336.9417472900707
            ],
            [
                416.2936207917615,
                143.9388882787976
            ],
            [
                346.65386518523655,
                196.3320252360518
            ],
            [
                609.6703792539088,
                282.8671976720574
            ],
            [
                598.4679960118181,
                53.092046984677296
            ],
            [
                544.9190390094874,
                283.41787973235523
            ]
        ]
    },
    "Sample2Template Matrix": [
        [
            1.0068087657880493,
            0.001155122319433191,
            -1.0056440636521968
        ],
        [
            0.0042603112862322455,
            1.0068808069443655,
            -1.9838906193523271
        ],
        [
            1.0750777694935804e-05,
            3.818445919597542e-06,
            1.0
        ]
    ]
}