{
    "Template": {
        "Path": "E:/Postgraduate/ImageAlign/code/DeepHomography-master/Data/MFIF-V/estimate\\pair5\\V021_t.jpg",
        "ImageSize": [
            640,
            360
        ],
        "Points": [
            [
                437.76656465363413,
                167.8892539895199
            ],
            [
                161.51489820524608,
                256.94999911040884
            ],
            [
                283.3758212830684,
                197.62926568747216
            ],
            [
                162.28040562882916,
                208.73047788620724
            ],
            [
                325.2244665613688,
                302.29121728833576
            ],
            [
                290.7777775686377,
                210.53298174886402
            ]
        ]
    },
    "Sample": {
        "Path": "E:/Postgraduate/ImageAlign/code/DeepHomography-master/Data/MFIF-V/estimate\\pair5\\V026.jpg",
        "ImageSize": [
            640,
            360
        ],
        "Points": [
            [
                440.1979114968131,
                167.70703177873503
            ],
            [
                149.13888734893746,
                259.77994323523745
            ],
            [
                281.1339900591605,
                198.55106890759942
            ],
            [
                156.7460879786938,
                209.546527032493
            ],
            [
                325.11856554177484,
                307.49881440420927
            ],
            [
                287.48892224369183,
                211.54843480793832
            ]
        ]
    },
    "Sample2Template Matrix": [
        [
            1.2205904954375955,
            0.29366072713428387,
            -55.23462918047996
        ],
        [
            0.04144532089788819,
            1.444598577115883,
            -56.97868511293737
        ],
        [
            0.0001332497712234593,
            0.0009229860708771915,
            1.0
        ]
    ]
}