{
    "Template": {
        "Path": "E:/Postgraduate/ImageAlign/code/DeepHomography-master/Data/MFIF-V/estimate\\pair8\\V024_t.jpg",
        "ImageSize": [
            640,
            360
        ],
        "Points": [
            [
                190.84572392575137,
                73.74661251258034
            ],
            [
                151.7376979064864,
                211.22289734551475
            ],
            [
                287.3822324871481,
                211.89292823478854
            ],
            [
                438.6566683937091,
                167.35625664657198
            ],
            [
                619.6539773274641,
                58.79500394027356
            ],
            [
                292.5266490241722,
                235.51251467198162
            ]
        ]
    },
    "Sample": {
        "Path": "E:/Postgraduate/ImageAlign/code/DeepHomography-master/Data/MFIF-V/estimate\\pair8\\V025.jpg",
        "ImageSize": [
            640,
            360
        ],
        "Points": [
            [
                191.0379785964076,
                74.96731325048705
            ],
            [
                149.52468514323476,
                211.50467831028516
            ],
            [
                286.7450617835879,
                211.85473029151055
            ],
            [
                439.3902875419606,
                168.3771803108757
            ],
            [
                620.300843393732,
                57.65683256172598
            ],
            [
                292.56467597146,
                236.5333949679006
            ]
        ]
    },
    "Sample2Template Matrix": [
        [
            1.044833954435227,
            0.039517058271858405,
            -7.669630807386147
        ],
        [
            0.007987024078609737,
            1.0561476110740082,
            -5.332365992950529
        ],
        [
            4.628518551198897e-05,
            0.00014766501108589452,
            1.0
        ]
    ]
}