{
    "Template": {
        "Path": "E:/Postgraduate/ImageAlign/code/DeepHomography-master/Data/MFIF-V/estimate\\pair82\\V035_t.jpg",
        "ImageSize": [
            640,
            360
        ],
        "Points": [
            [
                97.89296752417266,
                63.63047937823866
            ],
            [
                288.6473387301723,
                288.120574526097
            ],
            [
                619.6268493432849,
                307.31891646268707
            ],
            [
                578.6216992800537,
                53.699179448428126
            ],
            [
                552.7524654835246,
                309.49033934702
            ],
            [
                326.2018864299589,
                55.076287625114034
            ]
        ]
    },
    "Sample": {
        "Path": "E:/Postgraduate/ImageAlign/code/DeepHomography-master/Data/MFIF-V/estimate\\pair82\\V039.jpg",
        "ImageSize": [
            640,
            360
        ],
        "Points": [
            [
                95.54913981641124,
                62.39422472349084
            ],
            [
                287.47370311119255,
                289.5151464054343
            ],
            [
                620.6203874837975,
                308.5556973174272
            ],
            [
                579.3151559300338,
                52.978345177348245
            ],
            [
                552.4473122452372,
                310.66206195672294
            ],
            [
                326.16706546515616,
                55.465065122975716
            ]
        ]
    },
    "Sample2Template Matrix": [
        [
            1.0104403013522683,
            0.009561130694058015,
            -2.1537746997785123
        ],
        [
            0.0051417955367915255,
            1.0057070412464788,
            -2.087439688448749
        ],
        [
            1.3776774464382812e-05,
            1.554197229885066e-05,
            1.0
        ]
    ]
}