{
    "Template": {
        "Path": "E:/Postgraduate/ImageAlign/code/DeepHomography-master/Data/MFIF-V/estimate\\pair106\\Z-150593_t.jpg",
        "ImageSize": [
            640,
            360
        ],
        "Points": [
            [
                164.70122401497383,
                0.2560463136271096
            ],
            [
                431.5447111241973,
                10.166130264872862
            ],
            [
                483.13525476332813,
                58.65972786198732
            ],
            [
                565.9248512322013,
                350.95358590510295
            ],
            [
                45.96145174908611,
                38.54568974441753
            ],
            [
                0.4652486590687772,
                314.60334044682065
            ]
        ]
    },
    "Sample": {
        "Path": "E:/Postgraduate/ImageAlign/code/DeepHomography-master/Data/MFIF-V/estimate\\pair106\\Z-146163.jpg",
        "ImageSize": [
            640,
            360
        ],
        "Points": [
            [
                164.94181285757927,
                1.0640311873585802
            ],
            [
                431.6200329506942,
                13.981238346898493
            ],
            [
                499.4574409334949,
                53.99796700414187
            ],
            [
                565.1655323590694,
                349.65827714581985
            ],
            [
                51.59669032977325,
                35.64437380283516
            ],
            [
                0.9569169631956242,
                315.89952165918726
            ]
        ]
    },
    "Sample2Template Matrix": [
        [
            0.9816976008959878,
            0.01533318339219757,
            -5.309201822359109
        ],
        [
            -0.018148865265224186,
            1.002935119661871,
            3.6729100779545836
        ],
        [
            -7.128308327226825e-05,
            5.9370190481778844e-05,
            1.0
        ]
    ]
}