{
    "Template": {
        "Path": "E:/Postgraduate/ImageAlign/code/DeepHomography-master/Data/MFIF-V/estimate\\pair119\\Z-148890_t.jpg",
        "ImageSize": [
            640,
            360
        ],
        "Points": [
            [
                502.05494465231743,
                55.747500274793325
            ],
            [
                139.35209140240457,
                1.5190783103364538
            ],
            [
                0.43883475666348204,
                315.7467345393003
            ],
            [
                159.9599500366939,
                280.20808357179556
            ],
            [
                509.4855774540906,
                272.7448830824128
            ],
            [
                520.865313670052,
                315.30220712909954
            ]
        ]
    },
    "Sample": {
        "Path": "E:/Postgraduate/ImageAlign/code/DeepHomography-master/Data/MFIF-V/estimate\\pair119\\Z-149049.jpg",
        "ImageSize": [
            640,
            360
        ],
        "Points": [
            [
                502.0746901446846,
                56.10921972895673
            ],
            [
                138.16909186722458,
                1.1310433119213883
            ],
            [
                0.6812864699531929,
                314.8319448278786
            ],
            [
                158.81280250038307,
                279.97807806996383
            ],
            [
                510.57869074729524,
                268.0356996945866
            ],
            [
                522.7253674713784,
                315.4048851033512
            ]
        ]
    },
    "Sample2Template Matrix": [
        [
            1.0028297056938058,
            -0.002967295357478005,
            1.1405470279283472
        ],
        [
            0.0001808707130909779,
            1.0044507666650753,
            -0.013255310544801611
        ],
        [
            9.459473940734255e-06,
            4.141919944643457e-06,
            1.0
        ]
    ]
}