{
    "Template": {
        "Path": "E:/Postgraduate/ImageAlign/code/DeepHomography-master/Data/MFIF-V/estimate\\pair109\\Z-147987_t.jpg",
        "ImageSize": [
            640,
            360
        ],
        "Points": [
            [
                29.848987061685648,
                307.43742770683446
            ],
            [
                510.10043127082656,
                9.765136299046247
            ],
            [
                510.31001786612626,
                32.70175298792202
            ],
            [
                122.77560526475196,
                41.63314714909302
            ],
            [
                522.5306157115137,
                282.5271808508442
            ],
            [
                146.74911039667342,
                290.23386401060014
            ]
        ]
    },
    "Sample": {
        "Path": "E:/Postgraduate/ImageAlign/code/DeepHomography-master/Data/MFIF-V/estimate\\pair109\\Z-148090.jpg",
        "ImageSize": [
            640,
            360
        ],
        "Points": [
            [
                30.10001924998579,
                310.4471519653931
            ],
            [
                510.3399549110423,
                10.669562352614747
            ],
            [
                510.0263800265101,
                32.77659171213449
            ],
            [
                123.0749725137816,
                42.02705080583425
            ],
            [
                521.9422256387335,
                282.0686249152294
            ],
            [
                146.12272652689794,
                290.8487216821309
            ]
        ]
    },
    "Sample2Template Matrix": [
        [
            0.9907811190100326,
            0.00033299451752499414,
            0.5322128049124549
        ],
        [
            0.00037896066179351904,
            0.9932581182140683,
            -0.5545812460525469
        ],
        [
            -1.6011972858759873e-05,
            -3.828483220451064e-06,
            1.0
        ]
    ]
}