{
    "Template": {
        "Path": "E:/Postgraduate/ImageAlign/code/DeepHomography-master/Data/MFIF-V/estimate\\pair108\\Z-147421_t.jpg",
        "ImageSize": [
            640,
            360
        ],
        "Points": [
            [
                142.63386202550382,
                303.84144544964823
            ],
            [
                509.7728703619198,
                28.47403675851845
            ],
            [
                143.59750822723572,
                0.5296388051006886
            ],
            [
                522.4505738805979,
                281.57676363106384
            ],
            [
                108.5318198132548,
                294.31133928973765
            ],
            [
                122.18478308041847,
                39.21800191914454
            ]
        ]
    },
    "Sample": {
        "Path": "E:/Postgraduate/ImageAlign/code/DeepHomography-master/Data/MFIF-V/estimate\\pair108\\Z-147804.jpg",
        "ImageSize": [
            640,
            360
        ],
        "Points": [
            [
                143.39622641509436,
                303.1132075471698
            ],
            [
                509.5100415079153,
                30.94253609326782
            ],
            [
                144.78167894026166,
                0.3377360148335242
            ],
            [
                521.8638626834381,
                281.13666142557656
            ],
            [
                108.9920671658314,
                294.03474971143294
            ],
            [
                123.43488167347289,
                41.682276446048945
            ]
        ]
    },
    "Sample2Template Matrix": [
        [
            1.0033791801296938,
            0.0028285686806154633,
            -1.769447476344215
        ],
        [
            0.00016974318305526605,
            1.0124197213821808,
            -2.9808681044462007
        ],
        [
            -1.0430085885057278e-06,
            3.39914994938514e-06,
            1.0
        ]
    ]
}