{
    "Template": {
        "Path": "E:/Postgraduate/ImageAlign/code/DeepHomography-master/Data/MFIF-V/estimate\\pair114\\Z-147066_t.jpg",
        "ImageSize": [
            640,
            360
        ],
        "Points": [
            [
                507.6232882021338,
                27.52809156843307
            ],
            [
                145.81822553430976,
                1.2166868149364234
            ],
            [
                0.6961142966931106,
                315.6319107257825
            ],
            [
                147.97361729449526,
                288.6482417087398
            ],
            [
                519.9000987639403,
                278.03319911985017
            ],
            [
                123.61239903509718,
                36.333902649836176
            ]
        ]
    },
    "Sample": {
        "Path": "E:/Postgraduate/ImageAlign/code/DeepHomography-master/Data/MFIF-V/estimate\\pair114\\Z-147299.jpg",
        "ImageSize": [
            640,
            360
        ],
        "Points": [
            [
                508.23272534134935,
                29.69950177212661
            ],
            [
                144.85855518506537,
                1.7587066042700883
            ],
            [
                0.7155961780837856,
                314.99840569363545
            ],
            [
                145.98535262406332,
                288.879141068947
            ],
            [
                521.0090612519552,
                279.98871582213326
            ],
            [
                125.94947884221403,
                37.561957712455836
            ]
        ]
    },
    "Sample2Template Matrix": [
        [
            1.0051053630064537,
            -5.3648753684941814e-05,
            0.6253554509474166
        ],
        [
            -0.0017018709136591681,
            1.0051637313484956,
            -0.7350801595456267
        ],
        [
            1.499747474153049e-05,
            1.8854339225974878e-07,
            1.0
        ]
    ]
}