{
    "Template": {
        "Path": "E:/Postgraduate/ImageAlign/code/DeepHomography-master/Data/MFIF-V/estimate\\pair112\\Z-150362_t.jpg",
        "ImageSize": [
            640,
            360
        ],
        "Points": [
            [
                565.5594398683592,
                351.6258335058949
            ],
            [
                0.5055174759442025,
                7.116556610042238
            ],
            [
                430.1616102870946,
                0.8789565016926133
            ],
            [
                103.64914903355219,
                0.0987139469161491
            ],
            [
                21.546589645726556,
                320.6462609107733
            ],
            [
                487.30578001546866,
                56.02145786685239
            ]
        ]
    },
    "Sample": {
        "Path": "E:/Postgraduate/ImageAlign/code/DeepHomography-master/Data/MFIF-V/estimate\\pair112\\Z-150747.jpg",
        "ImageSize": [
            640,
            360
        ],
        "Points": [
            [
                564.1086844220047,
                350.65283513497513
            ],
            [
                0.44870004351923853,
                8.01677227061316
            ],
            [
                429.31220474792315,
                1.4504607473682256
            ],
            [
                105.5147789799787,
                0.13344623233302855
            ],
            [
                22.600008701258048,
                318.37272709766773
            ],
            [
                483.05142952304345,
                53.679936468411384
            ]
        ]
    },
    "Sample2Template Matrix": [
        [
            1.0045702787867203,
            -0.0004983084938396472,
            -0.9879901193722759
        ],
        [
            -0.0011126616517192654,
            1.006097552498936,
            -0.3109965379624493
        ],
        [
            2.3904040847285386e-06,
            -3.982672306496021e-06,
            1.0
        ]
    ]
}