{
    "Template": {
        "Path": "E:/Postgraduate/ImageAlign/code/DeepHomography-master/Data/MFIF-V/estimate\\pair6\\V037_t.jpg",
        "ImageSize": [
            640,
            360
        ],
        "Points": [
            [
                292.4439500558155,
                217.64192443355924
            ],
            [
                134.75423170169893,
                215.103650156984
            ],
            [
                271.6433015122086,
                74.02680969696777
            ],
            [
                120.32213670533815,
                84.74885295790747
            ],
            [
                177.68062720989005,
                66.07028045224575
            ],
            [
                118.47855252793744,
                67.72591500062833
            ]
        ]
    },
    "Sample": {
        "Path": "E:/Postgraduate/ImageAlign/code/DeepHomography-master/Data/MFIF-V/estimate\\pair6\\V038.jpg",
        "ImageSize": [
            640,
            360
        ],
        "Points": [
            [
                292.47334460253774,
                217.9421466289345
            ],
            [
                131.69453154528802,
                216.8675324542588
            ],
            [
                271.2621140470157,
                74.58861572719545
            ],
            [
                120.55160918018913,
                83.91296025822773
            ],
            [
                176.2331559541549,
                65.66105181450497
            ],
            [
                117.80720990332506,
                67.57882480315702
            ]
        ]
    },
    "Sample2Template Matrix": [
        [
            0.9872821471025748,
            0.03859508726477514,
            -0.26207527734620395
        ],
        [
            -0.008717673350827872,
            1.0246840096380458,
            -0.07727988450735696
        ],
        [
            -6.712813530265024e-05,
            0.0001604496308448491,
            1.0
        ]
    ]
}