{
    "Template": {
        "Path": "E:/Postgraduate/ImageAlign/code/DeepHomography-master/Data/MFIF-V/estimate\\pair104\\Z-148130_t.jpg",
        "ImageSize": [
            640,
            360
        ],
        "Points": [
            [
                152.3410529995788,
                326.90790995958145
            ],
            [
                421.44340308443446,
                12.651912003298406
            ],
            [
                123.40007896959332,
                0.2559394451359083
            ],
            [
                500.42374422712544,
                284.5999074773085
            ],
            [
                3.3816993337810004,
                317.01714868448084
            ],
            [
                508.79229985078223,
                31.617665748608715
            ]
        ]
    },
    "Sample": {
        "Path": "E:/Postgraduate/ImageAlign/code/DeepHomography-master/Data/MFIF-V/estimate\\pair104\\Z-148537.jpg",
        "ImageSize": [
            640,
            360
        ],
        "Points": [
            [
                153.3860969051664,
                327.6104163986745
            ],
            [
                420.17746128582826,
                13.18423723414054
            ],
            [
                121.19637768499453,
                0.3006296792292744
            ],
            [
                501.86670162727705,
                284.6858740805958
            ],
            [
                2.6946030479305136,
                316.0655464484505
            ],
            [
                506.2404954715046,
                30.504897915225484
            ]
        ]
    },
    "Sample2Template Matrix": [
        [
            1.0005951149539498,
            -0.004883986216160616,
            1.9007821725221317
        ],
        [
            -0.0006624924697565587,
            1.0052870414841442,
            0.31301665559750236
        ],
        [
            -7.030455761291918e-07,
            1.845394849419191e-05,
            1.0
        ]
    ]
}