{
    "Template": {
        "Path": "E:/Postgraduate/ImageAlign/code/DeepHomography-master/Data/MFIF-V/estimate\\pair91\\V048_t.jpg",
        "ImageSize": [
            640,
            360
        ],
        "Points": [
            [
                261.17470606627796,
                55.290376860509326
            ],
            [
                516.174962881574,
                52.094563728395116
            ],
            [
                229.62408508520147,
                348.93154667997766
            ],
            [
                416.6408126316762,
                142.88268554661616
            ],
            [
                166.82883085284826,
                338.09628712615984
            ],
            [
                345.48845680239896,
                195.70270999433507
            ]
        ]
    },
    "Sample": {
        "Path": "E:/Postgraduate/ImageAlign/code/DeepHomography-master/Data/MFIF-V/estimate\\pair91\\V049.jpg",
        "ImageSize": [
            640,
            360
        ],
        "Points": [
            [
                261.43870869778567,
                55.874211425409584
            ],
            [
                516.2105120950481,
                52.614098301368784
            ],
            [
                229.8343922844009,
                348.9268697912805
            ],
            [
                416.3600121755987,
                142.58819450653638
            ],
            [
                166.04133386111144,
                338.94806735635257
            ],
            [
                345.73056365436184,
                195.48598738456965
            ]
        ]
    },
    "Sample2Template Matrix": [
        [
            0.968892864046941,
            -0.004720081626837392,
            5.11869258630217
        ],
        [
            -0.0012383610536665797,
            0.984700800681768,
            -0.045005140665445226
        ],
        [
            -4.0897434222726926e-05,
            -2.0334605686837215e-05,
            1.0
        ]
    ]
}