{
    "Template": {
        "Path": "E:/Postgraduate/ImageAlign/code/DeepHomography-master/Data/MFIF-V/estimate\\pair105\\Z-146558_t.jpg",
        "ImageSize": [
            640,
            360
        ],
        "Points": [
            [
                1.7396799644945986,
                316.4847141690725
            ],
            [
                500.64695214025375,
                30.40174275885235
            ],
            [
                156.59154084595482,
                1.6377163345103725
            ],
            [
                526.9412311217739,
                294.49853102845134
            ],
            [
                138.8238816279249,
                306.1799312373673
            ],
            [
                471.7054660581321,
                1.6377163345103725
            ]
        ]
    },
    "Sample": {
        "Path": "E:/Postgraduate/ImageAlign/code/DeepHomography-master/Data/MFIF-V/estimate\\pair105\\Z-146978.jpg",
        "ImageSize": [
            640,
            360
        ],
        "Points": [
            [
                1.3371803987120643,
                317.0310668203132
            ],
            [
                498.6994595613288,
                31.241486197244825
            ],
            [
                154.9169180279585,
                2.000882274644738
            ],
            [
                525.1999676158517,
                294.1037953105789
            ],
            [
                137.69086542496038,
                306.2499516179486
            ],
            [
                468.93803728039927,
                1.7990692159991966
            ]
        ]
    },
    "Sample2Template Matrix": [
        [
            0.9999694103575288,
            -0.003343938767054194,
            1.6856184261883271
        ],
        [
            0.0003038280191592366,
            1.0001104140899868,
            -0.5674250214769316
        ],
        [
            -3.0233743810654264e-06,
            -1.8651131443977935e-06,
            1.0
        ]
    ]
}