{
    "Template": {
        "Path": "E:/Postgraduate/ImageAlign/code/DeepHomography-master/Data/MFIF-V/estimate\\pair12\\V041_t.jpg",
        "ImageSize": [
            640,
            360
        ],
        "Points": [
            [
                269.0,
                72.0
            ],
            [
                173.0,
                64.0
            ],
            [
                422.0,
                55.0
            ],
            [
                127.0,
                219.0
            ],
            [
                241.0,
                58.0
            ],
            [
                114.15733234541088,
                63.668904700979866
            ]
        ]
    },
    "Sample": {
        "Path": "E:/Postgraduate/ImageAlign/code/DeepHomography-master/Data/MFIF-V/estimate\\pair12\\V044.jpg",
        "ImageSize": [
            640,
            360
        ],
        "Points": [
            [
                267.0,
                70.0
            ],
            [
                168.0,
                62.0
            ],
            [
                424.0,
                54.0
            ],
            [
                112.0,
                222.0
            ],
            [
                239.0,
                55.0
            ],
            [
                109.49834140199874,
                61.36598335479023
            ]
        ]
    },
    "Sample2Template Matrix": [
        [
            0.9981149373426577,
            0.08722319911173518,
            1.5402564244380388
        ],
        [
            -0.0031268252511824513,
            1.0207166765340057,
            2.5604519706801954
        ],
        [
            1.7486966191412245e-05,
            0.0001931031137171196,
            1.0
        ]
    ]
}