{
    "Template": {
        "Path": "E:/Postgraduate/ImageAlign/code/DeepHomography-master/Data/MFIF-V/estimate\\pair117\\Z-147867_t.jpg",
        "ImageSize": [
            640,
            360
        ],
        "Points": [
            [
                121.49818983046902,
                40.935672452427866
            ],
            [
                509.4569758574938,
                32.05235303881989
            ],
            [
                141.87161639394373,
                0.6132526165069123
            ],
            [
                524.0364904071569,
                283.6867679055061
            ],
            [
                91.82414385928496,
                235.00076300003684
            ],
            [
                144.91478356316398,
                289.260339669023
            ]
        ]
    },
    "Sample": {
        "Path": "E:/Postgraduate/ImageAlign/code/DeepHomography-master/Data/MFIF-V/estimate\\pair117\\Z-147987.jpg",
        "ImageSize": [
            640,
            360
        ],
        "Points": [
            [
                121.98806082675134,
                40.95283495728938
            ],
            [
                509.3729141262163,
                32.17668252855813
            ],
            [
                143.37993237178375,
                0.6373847378052346
            ],
            [
                522.811397532711,
                283.256918419291
            ],
            [
                91.68290947128878,
                235.39946220636597
            ],
            [
                145.2997157155687,
                289.70190535914054
            ]
        ]
    },
    "Sample2Template Matrix": [
        [
            0.9944952667209962,
            0.0034375217343101667,
            -0.5639712244640661
        ],
        [
            -0.0010513089818300493,
            0.996036480765485,
            0.2225634053888912
        ],
        [
            -1.2764215036085714e-05,
            -9.918858907822538e-07,
            1.0
        ]
    ]
}