{
    "Template": {
        "Path": "E:/Postgraduate/ImageAlign/code/DeepHomography-master/Data/MFIF-V/estimate\\pair9\\V043_t.jpg",
        "ImageSize": [
            640,
            360
        ],
        "Points": [
            [
                423.4502635414811,
                50.276653654333245
            ],
            [
                291.1593823011585,
                226.06487549120519
            ],
            [
                266.5164547399561,
                70.39174675102107
            ],
            [
                111.48426612785633,
                62.25563904508695
            ],
            [
                169.9252122473932,
                61.52710465473339
            ],
            [
                115.24513664176973,
                279.6782150246752
            ]
        ]
    },
    "Sample": {
        "Path": "E:/Postgraduate/ImageAlign/code/DeepHomography-master/Data/MFIF-V/estimate\\pair9\\V044.jpg",
        "ImageSize": [
            640,
            360
        ],
        "Points": [
            [
                423.12924958506295,
                50.13353755955035
            ],
            [
                289.4974899649742,
                227.31608873725952
            ],
            [
                266.2917755012541,
                69.8219578988493
            ],
            [
                108.69051389589163,
                62.0133153298827
            ],
            [
                168.6837433891716,
                60.58490510385222
            ],
            [
                116.0051645950227,
                278.94716669898605
            ]
        ]
    },
    "Sample2Template Matrix": [
        [
            0.9715184288147464,
            -0.028735435703084476,
            6.067934465397444
        ],
        [
            -0.0051075031411426915,
            0.9515263022640424,
            3.758931922811145
        ],
        [
            -2.6465259868390022e-05,
            -0.0001248178130104275,
            1.0
        ]
    ]
}