{
    "Template": {
        "Path": "E:/Postgraduate/ImageAlign/code/DeepHomography-master/Data/MFIF-V/estimate\\pair101\\Z-149203_t.jpg",
        "ImageSize": [
            640,
            360
        ],
        "Points": [
            [
                500.2141578549153,
                55.78989467291427
            ],
            [
                508.80566340967425,
                270.54389242278495
            ],
            [
                168.612160092109,
                276.8098290155316
            ],
            [
                463.51465686480583,
                0.43238977984393046
            ],
            [
                113.8522223195732,
                0.47894583800365353
            ],
            [
                0.9198890050489581,
                315.28743635377464
            ]
        ]
    },
    "Sample": {
        "Path": "E:/Postgraduate/ImageAlign/code/DeepHomography-master/Data/MFIF-V/estimate\\pair101\\Z-149435.jpg",
        "ImageSize": [
            640,
            360
        ],
        "Points": [
            [
                497.4582986544597,
                57.81115619364681
            ],
            [
                510.46287626577896,
                270.21925717852685
            ],
            [
                167.52258575192968,
                276.9184564314297
            ],
            [
                465.69721948048925,
                0.9054261926119125
            ],
            [
                107.36012769219329,
                0.46033797875071514
            ],
            [
                0.6422851897348778,
                314.86968016562093
            ]
        ]
    },
    "Sample2Template Matrix": [
        [
            0.9876941802409642,
            -0.022451661737237345,
            7.858094798031839
        ],
        [
            -0.0032889168259360203,
            0.999245673436833,
            -0.039191525051717864
        ],
        [
            -8.007103225880758e-06,
            -8.0908021102333e-06,
            1.0
        ]
    ]
}