{
    "Template": {
        "Path": "E:/Postgraduate/ImageAlign/code/DeepHomography-master/Data/MFIF-V/estimate\\pair15\\V033_t.jpg",
        "ImageSize": [
            640,
            360
        ],
        "Points": [
            [
                140.0,
                271.0
            ],
            [
                129.0,
                78.0
            ],
            [
                275.0,
                79.0
            ],
            [
                141.0,
                213.0
            ],
            [
                181.0,
                68.0
            ],
            [
                290.0,
                214.0
            ]
        ]
    },
    "Sample": {
        "Path": "E:/Postgraduate/ImageAlign/code/DeepHomography-master/Data/MFIF-V/estimate\\pair15\\V038.jpg",
        "ImageSize": [
            640,
            360
        ],
        "Points": [
            [
                129.0,
                276.0
            ],
            [
                124.0,
                76.0
            ],
            [
                273.0,
                80.0
            ],
            [
                129.0,
                218.0
            ],
            [
                175.0,
                66.0
            ],
            [
                290.0,
                224.0
            ]
        ]
    },
    "Sample2Template Matrix": [
        [
            1.1093442029200897,
            0.06381405190267293,
            -6.0092852530073415
        ],
        [
            0.0010852988718120509,
            1.0850979505459886,
            -0.016460948308007012
        ],
        [
            0.000283063740559898,
            0.0002492339480085627,
            1.0
        ]
    ]
}